Feature,RF_Importance,DT_Importance,LR_Importance
SSLfinal_State,0.31966716879787044,0.6221782512399414,0.10126312929096154
URL_of_Anchor,0.2500493560281217,0.11263765122770904,0.1616822367241236
web_traffic,0.07080349963118139,0.026071456955814032,0.042759938528319844
having_Sub_Domain,0.06948187479706036,0.03465268202760655,0.03422904453593116
Links_in_tags,0.04388696938337728,0.03675474319358391,0.04434058792215762
Prefix_Suffix,0.03788826740168906,0.017737271702413248,0.1475292290491047
SFH,0.02022605352616888,0.009122755745724626,0.0455419492368454
Links_pointing_to_page,0.01929239161774981,0.01799090202327621,0.03413498566127762
Request_URL,0.01768159686413752,0.012995909985744215,0.01611013039967971
Domain_registeration_length,0.016680924622912503,0.019538769641902137,0.002698644521453133
age_of_domain,0.01645647381004051,0.012029905662717267,0.007532624922745197
Google_Index,0.013073679600488788,0.00996767277718953,0.032350252863085134
having_IP_Address,0.012945882605828907,0.007228892935521721,0.04053942965322169
DNSRecord,0.012769383135012267,0.007056737042650214,0.03239500603044327
Page_Rank,0.012007558641567974,0.010128017199200215,0.013474143970633368
URL_Length,0.008218239588265196,0.007523533449566807,0.00746885294736359
HTTPS_token,0.006525875499061917,0.0033922994726353233,0.024194868876502316
Redirect,0.005713657484069077,0.0043098754565679,0.028762127645585424
Submitting_to_email,0.0054576848497958205,0.004492322527975268,0.02111711706978177
having_At_Symbol,0.005435261337476243,0.003009937398669363,0.01734458996841777
Statistical_report,0.005113058729717897,0.003941343208189443,0.016510144980487022
Shortining_Service,0.004888472111403801,0.0020093137653462126,0.037148493894171145
popUpWidnow,0.004649123279248252,0.0032082958282970424,0.0021521511418851366
Favicon,0.004176999956268953,0.003022577813548549,0.01668396882347382
Abnormal_URL,0.004102437063001342,0.0018669560814730997,0.006435390789344973
double_slash_redirecting,0.0037391199987139856,0.0006634660300725443,0.010213680042418086
on_mouseover,0.003207759626072958,0.002208522864365833,0.008305611141482242
Iframe,0.0023321639630974346,0.0013551859136403275,0.013900496231019712
port,0.0022814209333097153,0.000480747927444728,0.02910025948218926
RightClick,0.001247645117290036,0.002424002901213259,0.00408091365589487
