Feature,SHAP_Importance
SSLfinal_State,0.18590216194748485
URL_of_Anchor,0.1586831634726361
web_traffic,0.05549461295328714
having_Sub_Domain,0.052167970781362094
Links_in_tags,0.0453795027211737
Prefix_Suffix,0.0418789032124558
SFH,0.024570773833910656
Request_URL,0.017266156598066316
Links_pointing_to_page,0.015393768424951977
having_IP_Address,0.014242941236536227
Domain_registeration_length,0.013789381551678448
Google_Index,0.013748286569822247
DNSRecord,0.01140519944675873
age_of_domain,0.009048190580074602
Page_Rank,0.0070058437950442426
Shortining_Service,0.004975573952445433
Redirect,0.0037668293129705984
HTTPS_token,0.003514735037261111
URL_Length,0.003361853694258055
Abnormal_URL,0.0031648387591624114
Statistical_report,0.003016036784626514
having_At_Symbol,0.0025910558287747174
popUpWidnow,0.002379330859627708
Favicon,0.0020709087159533654
double_slash_redirecting,0.0018773920261910097
Submitting_to_email,0.0015774261430324915
on_mouseover,0.0011569232140718304
Iframe,0.0011137650035949608
port,0.0008922279702611233
RightClick,0.0003849183617990151
